title,company,location,link
Software Engineer - Python,Selector,"Santa Clara, CA",https://www.linkedin.com/jobs/view/software-engineer-python-at-selector-4138563925?position=1&pageNum=0&refId=IbYfpNeFR0QZdhxJtNZZLg%3D%3D&trackingId=IkXiTgKnqB8WoXyo%2BYK7Zg%3D%3D
Core Python Engineer,Synechron,"Weehawken, NJ",https://www.linkedin.com/jobs/view/core-python-engineer-at-synechron-4239643001?position=2&pageNum=0&refId=IbYfpNeFR0QZdhxJtNZZLg%3D%3D&trackingId=iqiHQZYl78nfBkFwBnxE8w%3D%3D
Python Developer,Genpact,"New York, United States",https://www.linkedin.com/jobs/view/python-developer-at-genpact-4266445001?position=3&pageNum=0&refId=IbYfpNeFR0QZdhxJtNZZLg%3D%3D&trackingId=4zGJNCajr9ABkLxHo5IamA%3D%3D
Python Developer,Atos,"San Jose, CA",https://www.linkedin.com/jobs/view/python-developer-at-atos-4258784266?position=4&pageNum=0&refId=IbYfpNeFR0QZdhxJtNZZLg%3D%3D&trackingId=3yu%2BddA6GCjKs3DNanEUlQ%3D%3D
"Associate Software Engineer, Backend Python",PayPal,"San Jose, CA",https://www.linkedin.com/jobs/view/associate-software-engineer-backend-python-at-paypal-4210753612?position=5&pageNum=0&refId=IbYfpNeFR0QZdhxJtNZZLg%3D%3D&trackingId=NoRK2YWrVB76%2Bhid5DZRiQ%3D%3D
Python Engineer,Publicis Sapient,"New York, United States",https://www.linkedin.com/jobs/view/python-engineer-at-publicis-sapient-4260764615?position=6&pageNum=0&refId=IbYfpNeFR0QZdhxJtNZZLg%3D%3D&trackingId=SZE%2BO9NUF5yw8eqjAJEhEg%3D%3D
Backend Python Software Engineer,NVIDIA,"Durham, NC",https://www.linkedin.com/jobs/view/backend-python-software-engineer-at-nvidia-4265556252?position=7&pageNum=0&refId=IbYfpNeFR0QZdhxJtNZZLg%3D%3D&trackingId=MxAwMHIpZoYOcV6YLSJuYA%3D%3D
"Software Engineer, Backend Python",PayPal,"San Jose, CA",https://www.linkedin.com/jobs/view/software-engineer-backend-python-at-paypal-4210778790?position=8&pageNum=0&refId=IbYfpNeFR0QZdhxJtNZZLg%3D%3D&trackingId=smP5TQvVJE0CCeLWl4%2BnGQ%3D%3D
PYTHON DEVELOPER – DJANGO/FLASK,SpanIdea Systems,"Milpitas, CA",https://www.linkedin.com/jobs/view/python-developer-%E2%80%93-django-flask-at-spanidea-systems-3919127797?position=9&pageNum=0&refId=IbYfpNeFR0QZdhxJtNZZLg%3D%3D&trackingId=M%2F8xwhikFZxW6%2BuDYzzcVw%3D%3D
Python Backend Developer,Everything To Gain,United States,https://www.linkedin.com/jobs/view/python-backend-developer-at-everything-to-gain-4270854596?position=10&pageNum=0&refId=IbYfpNeFR0QZdhxJtNZZLg%3D%3D&trackingId=kWJPMt5aOe9eJMAWXnkJrg%3D%3D
Python API Developer,Stratacent,"Charlotte, NC",https://www.linkedin.com/jobs/view/python-api-developer-at-stratacent-4255956171?position=11&pageNum=0&refId=IbYfpNeFR0QZdhxJtNZZLg%3D%3D&trackingId=sLT7Pm540YSHDq%2BHO1Rlhw%3D%3D
Python Software Engineer,Cheqroom,United States,https://www.linkedin.com/jobs/view/python-software-engineer-at-cheqroom-4252716329?position=12&pageNum=0&refId=IbYfpNeFR0QZdhxJtNZZLg%3D%3D&trackingId=xNWvkI3iX3G4%2B31mEP0Aeg%3D%3D
Python Software Engineer,MORSE Corp,Greater Boston,https://www.linkedin.com/jobs/view/python-software-engineer-at-morse-corp-4208452677?position=13&pageNum=0&refId=IbYfpNeFR0QZdhxJtNZZLg%3D%3D&trackingId=uYOBqzeTdmVucnOf79Y8ZA%3D%3D
Python Developer,Morgan King Technology,"New York, United States",https://www.linkedin.com/jobs/view/python-developer-at-morgan-king-technology-4271193097?position=14&pageNum=0&refId=IbYfpNeFR0QZdhxJtNZZLg%3D%3D&trackingId=r7zLaZ16IDC8cPtTK6%2FJXQ%3D%3D
Python Developer,Veracity Software Inc,"San Jose, CA",https://www.linkedin.com/jobs/view/python-developer-at-veracity-software-inc-4263097316?position=15&pageNum=0&refId=IbYfpNeFR0QZdhxJtNZZLg%3D%3D&trackingId=lPyhGo9qZZ91%2FiNhrR7d9Q%3D%3D
Python Developer,Largeton Group,United States,https://www.linkedin.com/jobs/view/python-developer-at-largeton-group-4275401185?position=16&pageNum=0&refId=IbYfpNeFR0QZdhxJtNZZLg%3D%3D&trackingId=H%2FIgB%2BT5DdA%2BgxpZr36LkQ%3D%3D
Python Developer,Infosys,"Denver, CO",https://www.linkedin.com/jobs/view/python-developer-at-infosys-4257628177?position=17&pageNum=0&refId=IbYfpNeFR0QZdhxJtNZZLg%3D%3D&trackingId=xjdrovcvHeBDrFux067OfQ%3D%3D
Python Developer,Capgemini Engineering,"Denver, CO",https://www.linkedin.com/jobs/view/python-developer-at-capgemini-engineering-4267974175?position=18&pageNum=0&refId=IbYfpNeFR0QZdhxJtNZZLg%3D%3D&trackingId=AxnRd8qfUHWZ0H7TD1wjVQ%3D%3D
Python Full Stack Developer - No Sql - Web application,Cognizant,"San Jose, CA",https://www.linkedin.com/jobs/view/python-full-stack-developer-no-sql-web-application-at-cognizant-4270738709?position=19&pageNum=0&refId=IbYfpNeFR0QZdhxJtNZZLg%3D%3D&trackingId=yRQAfURbuTkwvOMFTtbgvQ%3D%3D
Python Developer,Saransh Inc,"Jersey City, NJ",https://www.linkedin.com/jobs/view/python-developer-at-saransh-inc-4233297244?position=20&pageNum=0&refId=IbYfpNeFR0QZdhxJtNZZLg%3D%3D&trackingId=3sOm5JvqmPK5Z2mlvXCiiA%3D%3D
Python Developer,Digital Alpha Platforms,"New York, NY",https://www.linkedin.com/jobs/view/python-developer-at-digital-alpha-platforms-4270673703?position=21&pageNum=0&refId=IbYfpNeFR0QZdhxJtNZZLg%3D%3D&trackingId=4Gij4GcHlmswS7cGe7aBoA%3D%3D
Python Developer,"The Dignify Solutions, LLC","New York, NY",https://www.linkedin.com/jobs/view/python-developer-at-the-dignify-solutions-llc-4261609599?position=22&pageNum=0&refId=IbYfpNeFR0QZdhxJtNZZLg%3D%3D&trackingId=hOKMFnn8r3ShslNlGBchBg%3D%3D
Python API Developer,Stratacent,"Charlotte, NC",https://www.linkedin.com/jobs/view/python-api-developer-at-stratacent-4271317690?position=23&pageNum=0&refId=IbYfpNeFR0QZdhxJtNZZLg%3D%3D&trackingId=bXAVkWozcO9leEzFMXpzTw%3D%3D
Python Developer,Snowrelic Inc,"Washington, DC",https://www.linkedin.com/jobs/view/python-developer-at-snowrelic-inc-4244598727?position=24&pageNum=0&refId=IbYfpNeFR0QZdhxJtNZZLg%3D%3D&trackingId=pz84YWmL7r824tLq7tZMGg%3D%3D
Full-Stack Engineer Intern,Harmony,"San Francisco, CA",https://www.linkedin.com/jobs/view/full-stack-engineer-intern-at-harmony-4253794938?position=25&pageNum=0&refId=IbYfpNeFR0QZdhxJtNZZLg%3D%3D&trackingId=fqVxmU7BpgmsZk85Xdiq%2Bg%3D%3D
Python Developer,"The Dignify Solutions, LLC","New York, NY",https://www.linkedin.com/jobs/view/python-developer-at-the-dignify-solutions-llc-4268069316?position=26&pageNum=0&refId=IbYfpNeFR0QZdhxJtNZZLg%3D%3D&trackingId=RMujPsbrnlG5shLVRc8TvQ%3D%3D
Python Developer,Snowrelic Inc,"Houston, TX",https://www.linkedin.com/jobs/view/python-developer-at-snowrelic-inc-4244594706?position=27&pageNum=0&refId=IbYfpNeFR0QZdhxJtNZZLg%3D%3D&trackingId=tpGYpQygqVLhP%2BhHMaXagA%3D%3D
Python Developer,SynMax,"Houston, TX",https://www.linkedin.com/jobs/view/python-developer-at-synmax-4263469899?position=28&pageNum=0&refId=IbYfpNeFR0QZdhxJtNZZLg%3D%3D&trackingId=lPPryp31K1sOJpk63D8bIA%3D%3D
Python Developer,Snowrelic Inc,"Charlotte, NC",https://www.linkedin.com/jobs/view/python-developer-at-snowrelic-inc-4258543847?position=29&pageNum=0&refId=IbYfpNeFR0QZdhxJtNZZLg%3D%3D&trackingId=VQme8kGmzG4Mn0QQI7d0SQ%3D%3D
Python Developer,Open Systems Technologies,"New York, NY",https://www.linkedin.com/jobs/view/python-developer-at-open-systems-technologies-3952275643?position=30&pageNum=0&refId=IbYfpNeFR0QZdhxJtNZZLg%3D%3D&trackingId=684NA%2FOBhUKNkgriNc298w%3D%3D
Python Developer,Ascendion,"Virginia, United States",https://www.linkedin.com/jobs/view/python-developer-at-ascendion-4268468966?position=31&pageNum=0&refId=IbYfpNeFR0QZdhxJtNZZLg%3D%3D&trackingId=xBUeJlkcTxfRZS%2BdKcJWAQ%3D%3D
Software Engineer - Python - Cloud - graduate level,Canonical,"Chicago, IL",https://www.linkedin.com/jobs/view/software-engineer-python-cloud-graduate-level-at-canonical-3952233484?position=32&pageNum=0&refId=IbYfpNeFR0QZdhxJtNZZLg%3D%3D&trackingId=fMalpOL%2FDFQoBZr5reYzpw%3D%3D
Python Developer,Allata,"Dallas, TX",https://www.linkedin.com/jobs/view/python-developer-at-allata-4240417356?position=33&pageNum=0&refId=IbYfpNeFR0QZdhxJtNZZLg%3D%3D&trackingId=Tiv1yHAcTVKt86n8c6dlQw%3D%3D
Python Developer,"The Dignify Solutions, LLC","New York, NY",https://www.linkedin.com/jobs/view/python-developer-at-the-dignify-solutions-llc-4270121214?position=34&pageNum=0&refId=IbYfpNeFR0QZdhxJtNZZLg%3D%3D&trackingId=Kpj6Umya%2F1Klkfn9I44TUQ%3D%3D
Python Developer,Hoplite Solutions LLC,"Chantilly, VA",https://www.linkedin.com/jobs/view/python-developer-at-hoplite-solutions-llc-4275791028?position=35&pageNum=0&refId=IbYfpNeFR0QZdhxJtNZZLg%3D%3D&trackingId=%2BH8Ce5nstKhah09aZRp2LA%3D%3D
"Software Engineer, Python - AI Training (Freelance, Remote)",Alignerr,"San Francisco, CA",https://www.linkedin.com/jobs/view/software-engineer-python-ai-training-freelance-remote-at-alignerr-4210798841?position=36&pageNum=0&refId=IbYfpNeFR0QZdhxJtNZZLg%3D%3D&trackingId=dGPis9XwyGZ0BDUEPzQXiw%3D%3D
Junior Python Software Engineer - Data,Tort Experts,"Maryland, United States",https://www.linkedin.com/jobs/view/junior-python-software-engineer-data-at-tort-experts-4258517458?position=37&pageNum=0&refId=IbYfpNeFR0QZdhxJtNZZLg%3D%3D&trackingId=AeAZtBHbKsOd85U%2BaKNJOg%3D%3D
Python Developer,Synchro,United States,https://www.linkedin.com/jobs/view/python-developer-at-synchro-4261187438?position=38&pageNum=0&refId=IbYfpNeFR0QZdhxJtNZZLg%3D%3D&trackingId=6DcW4khombKvRR3fUR78JQ%3D%3D
Python Full Stack Developer - No Sql - Web application,Cognizant,"San Jose, CA",https://www.linkedin.com/jobs/view/python-full-stack-developer-no-sql-web-application-at-cognizant-4270738708?position=39&pageNum=0&refId=IbYfpNeFR0QZdhxJtNZZLg%3D%3D&trackingId=vkQ0jXo51gSeny%2Fjnc3BfQ%3D%3D
Junior Software Engineer (Python),Synergy ECP,"Annapolis Junction, MD",https://www.linkedin.com/jobs/view/junior-software-engineer-python-at-synergy-ecp-4250717400?position=40&pageNum=0&refId=IbYfpNeFR0QZdhxJtNZZLg%3D%3D&trackingId=GgH6zt3bRa7670x9vbon9Q%3D%3D
Python Developer,Veracity Software Inc,"New York, NY",https://www.linkedin.com/jobs/view/python-developer-at-veracity-software-inc-4227538204?position=41&pageNum=0&refId=IbYfpNeFR0QZdhxJtNZZLg%3D%3D&trackingId=t9dk1LimO%2BHSZrGBt06x3A%3D%3D
Python/SQL Developer,PeopleCaddie,"Jersey City, NJ",https://www.linkedin.com/jobs/view/python-sql-developer-at-peoplecaddie-4252030507?position=42&pageNum=0&refId=IbYfpNeFR0QZdhxJtNZZLg%3D%3D&trackingId=e%2FAdYDEDwEP3%2BzLFOfvYIg%3D%3D
Python Developer,Synechron,"Charlotte, NC",https://www.linkedin.com/jobs/view/python-developer-at-synechron-4153234150?position=43&pageNum=0&refId=IbYfpNeFR0QZdhxJtNZZLg%3D%3D&trackingId=zA7G7PwADjZeDqu6Fo8rcA%3D%3D
Python Developer,Synechron,"New York, United States",https://www.linkedin.com/jobs/view/python-developer-at-synechron-4212086356?position=44&pageNum=0&refId=IbYfpNeFR0QZdhxJtNZZLg%3D%3D&trackingId=e7w7oNY8paJDRR8g2fs9JA%3D%3D
Software Engineer/Python (Remote),Progressive Leasing,"Arizona, United States",https://www.linkedin.com/jobs/view/software-engineer-python-remote-at-progressive-leasing-4267402789?position=45&pageNum=0&refId=IbYfpNeFR0QZdhxJtNZZLg%3D%3D&trackingId=eOUZqKVhXZqaeLSp2WLKNA%3D%3D
Python Developer,Tata Consultancy Services,"Austin, TX",https://www.linkedin.com/jobs/view/python-developer-at-tata-consultancy-services-4269751231?position=46&pageNum=0&refId=IbYfpNeFR0QZdhxJtNZZLg%3D%3D&trackingId=jcUilqTy12UHSd4AEsJbzg%3D%3D
Python Developer,Tactibit Technologies,"Suitland, MD",https://www.linkedin.com/jobs/view/python-developer-at-tactibit-technologies-4121519145?position=47&pageNum=0&refId=IbYfpNeFR0QZdhxJtNZZLg%3D%3D&trackingId=flu6ET2m692bsLEc%2FWPwjg%3D%3D
Python Developer - Financial Applications,Verifacto Inc.,"Atlanta, GA",https://www.linkedin.com/jobs/view/python-developer-financial-applications-at-verifacto-inc-4258856583?position=48&pageNum=0&refId=IbYfpNeFR0QZdhxJtNZZLg%3D%3D&trackingId=38C%2BMLuRU5aw7TuEWv%2B2oA%3D%3D
Python Developer - Remote,"The Dignify Solutions, LLC","Houston, TX",https://www.linkedin.com/jobs/view/python-developer-remote-at-the-dignify-solutions-llc-4268067424?position=49&pageNum=0&refId=IbYfpNeFR0QZdhxJtNZZLg%3D%3D&trackingId=NLC2b3tHY41RsWr7mq%2FkCQ%3D%3D
Python/SQL Developer,Prellis Biologics,"Berkeley, CA",https://www.linkedin.com/jobs/view/python-sql-developer-at-prellis-biologics-4268431105?position=50&pageNum=0&refId=IbYfpNeFR0QZdhxJtNZZLg%3D%3D&trackingId=go2%2FBjcF6VG6xTxlCN9tZQ%3D%3D
Python Developer,"Pyramid Consulting, Inc","Charlotte, NC",https://www.linkedin.com/jobs/view/python-developer-at-pyramid-consulting-inc-4260432742?position=51&pageNum=0&refId=IbYfpNeFR0QZdhxJtNZZLg%3D%3D&trackingId=Lk0VFKBb%2FkO8VKc22IJZEA%3D%3D
Python Developer,Signature IT World Inc,"Sunnyvale, CA",https://www.linkedin.com/jobs/view/python-developer-at-signature-it-world-inc-4259873130?position=52&pageNum=0&refId=IbYfpNeFR0QZdhxJtNZZLg%3D%3D&trackingId=5gntfVj%2FeQ1GmmYOh4%2FXfw%3D%3D
Python Developer [Job ID 20250725],Phoenix Cyber,"Phoenix, AZ",https://www.linkedin.com/jobs/view/python-developer-job-id-20250725-at-phoenix-cyber-4270315084?position=53&pageNum=0&refId=IbYfpNeFR0QZdhxJtNZZLg%3D%3D&trackingId=tB1pbPfpFeu0eOH8WV%2Fazg%3D%3D
Python Developer,Macquarie Group,"New York, United States",https://www.linkedin.com/jobs/view/python-developer-at-macquarie-group-4268346708?position=54&pageNum=0&refId=IbYfpNeFR0QZdhxJtNZZLg%3D%3D&trackingId=wZJw%2Fr0%2F5yCgoGP8Nn0Sow%3D%3D
Python Developer [Job ID 20250725],Phoenix Cyber,"Atlanta, GA",https://www.linkedin.com/jobs/view/python-developer-job-id-20250725-at-phoenix-cyber-4270308466?position=55&pageNum=0&refId=IbYfpNeFR0QZdhxJtNZZLg%3D%3D&trackingId=PUp7arEhT%2FIzUCt1HPDWeQ%3D%3D
"Software Development Intern (Python- Backend developer, LLM Integration)",Zenius Corporation,United States,https://www.linkedin.com/jobs/view/software-development-intern-python-backend-developer-llm-integration-%C2%A0%C2%A0-at-zenius-corporation-4260277124?position=56&pageNum=0&refId=IbYfpNeFR0QZdhxJtNZZLg%3D%3D&trackingId=LlG9zegAWXSK%2Bgi82a3l4g%3D%3D
Python Developer III,Largeton Group,"Washington, DC",https://www.linkedin.com/jobs/view/python-developer-iii-at-largeton-group-4271619915?position=57&pageNum=0&refId=IbYfpNeFR0QZdhxJtNZZLg%3D%3D&trackingId=b8nM8aa6yTM1Zy7gq3Vxrg%3D%3D
Python Software Engineer (Backend),"CPS, Inc.","Chicago, IL",https://www.linkedin.com/jobs/view/python-software-engineer-backend-at-cps-inc-4115199949?position=58&pageNum=0&refId=IbYfpNeFR0QZdhxJtNZZLg%3D%3D&trackingId=93pt5g6AG3dlw%2Fijn9jciQ%3D%3D
Python Developer [Job ID 20250725],Phoenix Cyber,"Phoenix, AZ",https://www.linkedin.com/jobs/view/python-developer-job-id-20250725-at-phoenix-cyber-4270314122?position=59&pageNum=0&refId=IbYfpNeFR0QZdhxJtNZZLg%3D%3D&trackingId=CP0gMYRsdKn388xnWIocqQ%3D%3D
Python Developer,Torchlight®,United States,https://www.linkedin.com/jobs/view/python-developer-at-torchlight%C2%AE-4268675330?position=60&pageNum=0&refId=IbYfpNeFR0QZdhxJtNZZLg%3D%3D&trackingId=WGxIwglzYwcvVf0GPoscqA%3D%3D
Software Engineer - Python,Selector,"Santa Clara, CA",https://www.linkedin.com/jobs/view/software-engineer-python-at-selector-4138563925?position=1&pageNum=0&refId=rwooRN4UdoT0D9uTG7iFOg%3D%3D&trackingId=iRqTMk11yHSett0x%2Bo4jDw%3D%3D
Core Python Engineer,Synechron,"Weehawken, NJ",https://www.linkedin.com/jobs/view/core-python-engineer-at-synechron-4239643001?position=2&pageNum=0&refId=rwooRN4UdoT0D9uTG7iFOg%3D%3D&trackingId=vzoybqrvrnKfPflGzz80zg%3D%3D
Python Developer,Genpact,"New York, United States",https://www.linkedin.com/jobs/view/python-developer-at-genpact-4266445001?position=3&pageNum=0&refId=rwooRN4UdoT0D9uTG7iFOg%3D%3D&trackingId=S1mx90ayBC3mX35nx1Eb2A%3D%3D
Python Developer,Atos,"San Jose, CA",https://www.linkedin.com/jobs/view/python-developer-at-atos-4258784266?position=4&pageNum=0&refId=rwooRN4UdoT0D9uTG7iFOg%3D%3D&trackingId=m3qL67x6r98gcZQmvVzbhQ%3D%3D
"Associate Software Engineer, Backend Python",PayPal,"San Jose, CA",https://www.linkedin.com/jobs/view/associate-software-engineer-backend-python-at-paypal-4210753612?position=5&pageNum=0&refId=rwooRN4UdoT0D9uTG7iFOg%3D%3D&trackingId=Q61wbE5%2FcEjcW%2FfskEAARA%3D%3D
Python Engineer,Publicis Sapient,"New York, United States",https://www.linkedin.com/jobs/view/python-engineer-at-publicis-sapient-4260764615?position=6&pageNum=0&refId=rwooRN4UdoT0D9uTG7iFOg%3D%3D&trackingId=uIu7dRB1j4sWfpQBvpifkQ%3D%3D
Backend Python Software Engineer,NVIDIA,"Durham, NC",https://www.linkedin.com/jobs/view/backend-python-software-engineer-at-nvidia-4265556252?position=7&pageNum=0&refId=rwooRN4UdoT0D9uTG7iFOg%3D%3D&trackingId=7PkDQPKl26KCKaCtkbN%2FWw%3D%3D
"Software Engineer, Backend Python",PayPal,"San Jose, CA",https://www.linkedin.com/jobs/view/software-engineer-backend-python-at-paypal-4210778790?position=8&pageNum=0&refId=rwooRN4UdoT0D9uTG7iFOg%3D%3D&trackingId=cSJ90jxAxEyvykZoXb1Msw%3D%3D
PYTHON DEVELOPER – DJANGO/FLASK,SpanIdea Systems,"Milpitas, CA",https://www.linkedin.com/jobs/view/python-developer-%E2%80%93-django-flask-at-spanidea-systems-3919127797?position=9&pageNum=0&refId=rwooRN4UdoT0D9uTG7iFOg%3D%3D&trackingId=k9UGjKKq2Up2F9kyG68MGA%3D%3D
Python Backend Developer,Everything To Gain,United States,https://www.linkedin.com/jobs/view/python-backend-developer-at-everything-to-gain-4270854596?position=10&pageNum=0&refId=rwooRN4UdoT0D9uTG7iFOg%3D%3D&trackingId=KSEXKowpPEKRDM%2BPmjwy%2Bw%3D%3D
Python API Developer,Stratacent,"Charlotte, NC",https://www.linkedin.com/jobs/view/python-api-developer-at-stratacent-4255956171?position=11&pageNum=0&refId=rwooRN4UdoT0D9uTG7iFOg%3D%3D&trackingId=XTG%2BAbvHCe9tYpEyFoR%2BPw%3D%3D
Python Software Engineer,Cheqroom,United States,https://www.linkedin.com/jobs/view/python-software-engineer-at-cheqroom-4252716329?position=12&pageNum=0&refId=rwooRN4UdoT0D9uTG7iFOg%3D%3D&trackingId=EZcARwXbungbGk9AuReCYw%3D%3D
Python Software Engineer,MORSE Corp,Greater Boston,https://www.linkedin.com/jobs/view/python-software-engineer-at-morse-corp-4208452677?position=13&pageNum=0&refId=rwooRN4UdoT0D9uTG7iFOg%3D%3D&trackingId=aEujCGXej9WlJ7vAEoT8vA%3D%3D
Python Developer,Morgan King Technology,"New York, United States",https://www.linkedin.com/jobs/view/python-developer-at-morgan-king-technology-4271193097?position=14&pageNum=0&refId=rwooRN4UdoT0D9uTG7iFOg%3D%3D&trackingId=Iw5g%2F%2FlC5NnKeIhlRZXUTA%3D%3D
Python Developer,Veracity Software Inc,"San Jose, CA",https://www.linkedin.com/jobs/view/python-developer-at-veracity-software-inc-4263097316?position=15&pageNum=0&refId=rwooRN4UdoT0D9uTG7iFOg%3D%3D&trackingId=wan%2BuOFcXSWoyPtTkPlVKw%3D%3D
Python Developer,Largeton Group,United States,https://www.linkedin.com/jobs/view/python-developer-at-largeton-group-4275401185?position=16&pageNum=0&refId=rwooRN4UdoT0D9uTG7iFOg%3D%3D&trackingId=2LJB6D%2BEGdWeIL3Rs8lYSw%3D%3D
Python Developer,Infosys,"Denver, CO",https://www.linkedin.com/jobs/view/python-developer-at-infosys-4257628177?position=17&pageNum=0&refId=rwooRN4UdoT0D9uTG7iFOg%3D%3D&trackingId=1o1bcEZpphOw5yLlczGsCA%3D%3D
Python Developer,Capgemini Engineering,"Denver, CO",https://www.linkedin.com/jobs/view/python-developer-at-capgemini-engineering-4267974175?position=18&pageNum=0&refId=rwooRN4UdoT0D9uTG7iFOg%3D%3D&trackingId=4FWtrsnlsM6cj%2F%2B8KTRIdg%3D%3D
Python Full Stack Developer - No Sql - Web application,Cognizant,"San Jose, CA",https://www.linkedin.com/jobs/view/python-full-stack-developer-no-sql-web-application-at-cognizant-4270738709?position=19&pageNum=0&refId=rwooRN4UdoT0D9uTG7iFOg%3D%3D&trackingId=mCpaTFv24BvRzI4Q0J7hRA%3D%3D
Python Developer,Saransh Inc,"Jersey City, NJ",https://www.linkedin.com/jobs/view/python-developer-at-saransh-inc-4233297244?position=20&pageNum=0&refId=rwooRN4UdoT0D9uTG7iFOg%3D%3D&trackingId=z748TGGVWcaUFLUikDe6Pg%3D%3D
Python Developer,Digital Alpha Platforms,"New York, NY",https://www.linkedin.com/jobs/view/python-developer-at-digital-alpha-platforms-4270673703?position=21&pageNum=0&refId=rwooRN4UdoT0D9uTG7iFOg%3D%3D&trackingId=yc%2F%2Bhy7xYG%2FrjHMWAnIxpw%3D%3D
Python Developer,"The Dignify Solutions, LLC","New York, NY",https://www.linkedin.com/jobs/view/python-developer-at-the-dignify-solutions-llc-4261609599?position=22&pageNum=0&refId=rwooRN4UdoT0D9uTG7iFOg%3D%3D&trackingId=3G6rBkBVLxHOn1hSpVsCcg%3D%3D
Python API Developer,Stratacent,"Charlotte, NC",https://www.linkedin.com/jobs/view/python-api-developer-at-stratacent-4271317690?position=23&pageNum=0&refId=rwooRN4UdoT0D9uTG7iFOg%3D%3D&trackingId=XCUfMZ2kPW%2FsSpb%2Br7iCPQ%3D%3D
Python Developer,Snowrelic Inc,"Washington, DC",https://www.linkedin.com/jobs/view/python-developer-at-snowrelic-inc-4244598727?position=24&pageNum=0&refId=rwooRN4UdoT0D9uTG7iFOg%3D%3D&trackingId=fTNL0IKGo81lHa9xWKfEbA%3D%3D
Full-Stack Engineer Intern,Harmony,"San Francisco, CA",https://www.linkedin.com/jobs/view/full-stack-engineer-intern-at-harmony-4253794938?position=25&pageNum=0&refId=rwooRN4UdoT0D9uTG7iFOg%3D%3D&trackingId=7VEsVVINucBounzJCS%2Bbiw%3D%3D
Python Developer,"The Dignify Solutions, LLC","New York, NY",https://www.linkedin.com/jobs/view/python-developer-at-the-dignify-solutions-llc-4268069316?position=26&pageNum=0&refId=rwooRN4UdoT0D9uTG7iFOg%3D%3D&trackingId=upHqgI26juNAV0I8EvEkiw%3D%3D
Python Developer,Snowrelic Inc,"Houston, TX",https://www.linkedin.com/jobs/view/python-developer-at-snowrelic-inc-4244594706?position=27&pageNum=0&refId=rwooRN4UdoT0D9uTG7iFOg%3D%3D&trackingId=%2B84WxniOjHRmu4rhn3JeHg%3D%3D
Python Developer,SynMax,"Houston, TX",https://www.linkedin.com/jobs/view/python-developer-at-synmax-4263469899?position=28&pageNum=0&refId=rwooRN4UdoT0D9uTG7iFOg%3D%3D&trackingId=LqPKnqJDjvDIhwqKvRIEKw%3D%3D
Python Developer,Snowrelic Inc,"Charlotte, NC",https://www.linkedin.com/jobs/view/python-developer-at-snowrelic-inc-4258543847?position=29&pageNum=0&refId=rwooRN4UdoT0D9uTG7iFOg%3D%3D&trackingId=vuTz5tjICcZ295F4IAEbbA%3D%3D
Python Developer,Open Systems Technologies,"New York, NY",https://www.linkedin.com/jobs/view/python-developer-at-open-systems-technologies-3952275643?position=30&pageNum=0&refId=rwooRN4UdoT0D9uTG7iFOg%3D%3D&trackingId=ygBGeIXfBnl1DpPv%2BByz4g%3D%3D
Python Developer,Ascendion,"Virginia, United States",https://www.linkedin.com/jobs/view/python-developer-at-ascendion-4268468966?position=31&pageNum=0&refId=rwooRN4UdoT0D9uTG7iFOg%3D%3D&trackingId=DeSXDMueSl46UavZY41Xcw%3D%3D
Software Engineer - Python - Cloud - graduate level,Canonical,"Chicago, IL",https://www.linkedin.com/jobs/view/software-engineer-python-cloud-graduate-level-at-canonical-3952233484?position=32&pageNum=0&refId=rwooRN4UdoT0D9uTG7iFOg%3D%3D&trackingId=ST18AzVZxGRuB7H8rgGsRQ%3D%3D
Python Developer,Allata,"Dallas, TX",https://www.linkedin.com/jobs/view/python-developer-at-allata-4240417356?position=33&pageNum=0&refId=rwooRN4UdoT0D9uTG7iFOg%3D%3D&trackingId=YBKyrjc2HEuSJKEWVTsrXA%3D%3D
Python Developer,"The Dignify Solutions, LLC","New York, NY",https://www.linkedin.com/jobs/view/python-developer-at-the-dignify-solutions-llc-4270121214?position=34&pageNum=0&refId=rwooRN4UdoT0D9uTG7iFOg%3D%3D&trackingId=qYuvDMLzFOKpX9LyvXNifA%3D%3D
Python Developer,Hoplite Solutions LLC,"Chantilly, VA",https://www.linkedin.com/jobs/view/python-developer-at-hoplite-solutions-llc-4275791028?position=35&pageNum=0&refId=rwooRN4UdoT0D9uTG7iFOg%3D%3D&trackingId=vVNLk7clqDXwXgMY5gG5wg%3D%3D
"Software Engineer, Python - AI Training (Freelance, Remote)",Alignerr,"San Francisco, CA",https://www.linkedin.com/jobs/view/software-engineer-python-ai-training-freelance-remote-at-alignerr-4210798841?position=36&pageNum=0&refId=rwooRN4UdoT0D9uTG7iFOg%3D%3D&trackingId=5BZX2yiFPcetjYi804EbDg%3D%3D
Junior Python Software Engineer - Data,Tort Experts,"Maryland, United States",https://www.linkedin.com/jobs/view/junior-python-software-engineer-data-at-tort-experts-4258517458?position=37&pageNum=0&refId=rwooRN4UdoT0D9uTG7iFOg%3D%3D&trackingId=50X8VzL44qKx6CTuh8UhWA%3D%3D
Python Developer,Synchro,United States,https://www.linkedin.com/jobs/view/python-developer-at-synchro-4261187438?position=38&pageNum=0&refId=rwooRN4UdoT0D9uTG7iFOg%3D%3D&trackingId=BeUVeGSknumP6hVMXvGa7A%3D%3D
Python Full Stack Developer - No Sql - Web application,Cognizant,"San Jose, CA",https://www.linkedin.com/jobs/view/python-full-stack-developer-no-sql-web-application-at-cognizant-4270738708?position=39&pageNum=0&refId=rwooRN4UdoT0D9uTG7iFOg%3D%3D&trackingId=Zg4w4WE4OERpdFc48c2WIA%3D%3D
Junior Software Engineer (Python),Synergy ECP,"Annapolis Junction, MD",https://www.linkedin.com/jobs/view/junior-software-engineer-python-at-synergy-ecp-4250717400?position=40&pageNum=0&refId=rwooRN4UdoT0D9uTG7iFOg%3D%3D&trackingId=EByUuOut6qPPv1c3gRoJ2Q%3D%3D
Python Developer,Veracity Software Inc,"New York, NY",https://www.linkedin.com/jobs/view/python-developer-at-veracity-software-inc-4227538204?position=41&pageNum=0&refId=rwooRN4UdoT0D9uTG7iFOg%3D%3D&trackingId=rM9jTZ0L8HL3t9OT%2B5YlyA%3D%3D
Python/SQL Developer,PeopleCaddie,"Jersey City, NJ",https://www.linkedin.com/jobs/view/python-sql-developer-at-peoplecaddie-4252030507?position=42&pageNum=0&refId=rwooRN4UdoT0D9uTG7iFOg%3D%3D&trackingId=LIMCxqfT%2F%2BQIdFene6WWvw%3D%3D
Python Developer,Synechron,"Charlotte, NC",https://www.linkedin.com/jobs/view/python-developer-at-synechron-4153234150?position=43&pageNum=0&refId=rwooRN4UdoT0D9uTG7iFOg%3D%3D&trackingId=ExZIaLHuI3JqKlL5yLT3AQ%3D%3D
Python Developer,Synechron,"New York, United States",https://www.linkedin.com/jobs/view/python-developer-at-synechron-4212086356?position=44&pageNum=0&refId=rwooRN4UdoT0D9uTG7iFOg%3D%3D&trackingId=xczTbfctHnV8u8vg5MHJpg%3D%3D
Software Engineer/Python (Remote),Progressive Leasing,"Arizona, United States",https://www.linkedin.com/jobs/view/software-engineer-python-remote-at-progressive-leasing-4267402789?position=45&pageNum=0&refId=rwooRN4UdoT0D9uTG7iFOg%3D%3D&trackingId=M6jVT3n2rv9vppEB3p7YbA%3D%3D
Python Developer,Tata Consultancy Services,"Austin, TX",https://www.linkedin.com/jobs/view/python-developer-at-tata-consultancy-services-4269751231?position=46&pageNum=0&refId=rwooRN4UdoT0D9uTG7iFOg%3D%3D&trackingId=jn3PTsGHxFJQhzOu7UNhYg%3D%3D
Python Developer,Tactibit Technologies,"Suitland, MD",https://www.linkedin.com/jobs/view/python-developer-at-tactibit-technologies-4121519145?position=47&pageNum=0&refId=rwooRN4UdoT0D9uTG7iFOg%3D%3D&trackingId=RsjhK86AUyawJiKWS2yFSg%3D%3D
Python Developer - Financial Applications,Verifacto Inc.,"Atlanta, GA",https://www.linkedin.com/jobs/view/python-developer-financial-applications-at-verifacto-inc-4258856583?position=48&pageNum=0&refId=rwooRN4UdoT0D9uTG7iFOg%3D%3D&trackingId=SMX7A%2BWfn3bdZtRP7tzBkw%3D%3D
Python Developer - Remote,"The Dignify Solutions, LLC","Houston, TX",https://www.linkedin.com/jobs/view/python-developer-remote-at-the-dignify-solutions-llc-4268067424?position=49&pageNum=0&refId=rwooRN4UdoT0D9uTG7iFOg%3D%3D&trackingId=r7HFef7N5sMglWWWszaTQQ%3D%3D
Python/SQL Developer,Prellis Biologics,"Berkeley, CA",https://www.linkedin.com/jobs/view/python-sql-developer-at-prellis-biologics-4268431105?position=50&pageNum=0&refId=rwooRN4UdoT0D9uTG7iFOg%3D%3D&trackingId=qFXICoCnVVomNEUqwV36ww%3D%3D
Python Developer,"Pyramid Consulting, Inc","Charlotte, NC",https://www.linkedin.com/jobs/view/python-developer-at-pyramid-consulting-inc-4260432742?position=51&pageNum=0&refId=rwooRN4UdoT0D9uTG7iFOg%3D%3D&trackingId=ccsPWNXaEoppXr49jt1HrQ%3D%3D
Python Developer,Signature IT World Inc,"Sunnyvale, CA",https://www.linkedin.com/jobs/view/python-developer-at-signature-it-world-inc-4259873130?position=52&pageNum=0&refId=rwooRN4UdoT0D9uTG7iFOg%3D%3D&trackingId=xwdY4Q%2Bnog8ru3AaCR7t%2Bg%3D%3D
Python Developer [Job ID 20250725],Phoenix Cyber,"Phoenix, AZ",https://www.linkedin.com/jobs/view/python-developer-job-id-20250725-at-phoenix-cyber-4270315084?position=53&pageNum=0&refId=rwooRN4UdoT0D9uTG7iFOg%3D%3D&trackingId=I79aK1G8IVIr4oNL7UdKfQ%3D%3D
Python Developer,Macquarie Group,"New York, United States",https://www.linkedin.com/jobs/view/python-developer-at-macquarie-group-4268346708?position=54&pageNum=0&refId=rwooRN4UdoT0D9uTG7iFOg%3D%3D&trackingId=OFho%2Fei98fqxw5zxlHLXmw%3D%3D
Python Developer [Job ID 20250725],Phoenix Cyber,"Atlanta, GA",https://www.linkedin.com/jobs/view/python-developer-job-id-20250725-at-phoenix-cyber-4270308466?position=55&pageNum=0&refId=rwooRN4UdoT0D9uTG7iFOg%3D%3D&trackingId=dL0UTkRdmUPoBqiwVA2luQ%3D%3D
"Software Development Intern (Python- Backend developer, LLM Integration)",Zenius Corporation,United States,https://www.linkedin.com/jobs/view/software-development-intern-python-backend-developer-llm-integration-%C2%A0%C2%A0-at-zenius-corporation-4260277124?position=56&pageNum=0&refId=rwooRN4UdoT0D9uTG7iFOg%3D%3D&trackingId=4QxMZvIXzk2m9MbfiYQ0lQ%3D%3D
Python Developer III,Largeton Group,"Washington, DC",https://www.linkedin.com/jobs/view/python-developer-iii-at-largeton-group-4271619915?position=57&pageNum=0&refId=rwooRN4UdoT0D9uTG7iFOg%3D%3D&trackingId=Q9LKNS7iJUxx5idk%2BZ6i0A%3D%3D
Python Software Engineer (Backend),"CPS, Inc.","Chicago, IL",https://www.linkedin.com/jobs/view/python-software-engineer-backend-at-cps-inc-4115199949?position=58&pageNum=0&refId=rwooRN4UdoT0D9uTG7iFOg%3D%3D&trackingId=EIPQDm0N9FVle4%2FIucY0LQ%3D%3D
Python Developer [Job ID 20250725],Phoenix Cyber,"Phoenix, AZ",https://www.linkedin.com/jobs/view/python-developer-job-id-20250725-at-phoenix-cyber-4270314122?position=59&pageNum=0&refId=rwooRN4UdoT0D9uTG7iFOg%3D%3D&trackingId=tr%2FLQMI9ZYH1a60IewZPOQ%3D%3D
Python Developer,Torchlight®,United States,https://www.linkedin.com/jobs/view/python-developer-at-torchlight%C2%AE-4268675330?position=60&pageNum=0&refId=rwooRN4UdoT0D9uTG7iFOg%3D%3D&trackingId=jPXgrIQXsq5Sl7LLhlF8Fw%3D%3D
Python Developer,hackajob,"Reston, VA",https://www.linkedin.com/jobs/view/python-developer-at-hackajob-4265608922?position=1&pageNum=0&refId=%2B4PgozKc1IErvmW%2BT%2FBhNg%3D%3D&trackingId=QNrOA1HWPNGD3FrFXZOTyg%3D%3D
Software Engineer - Python,Selector,"Santa Clara, CA",https://www.linkedin.com/jobs/view/software-engineer-python-at-selector-4138563925?position=2&pageNum=0&refId=%2B4PgozKc1IErvmW%2BT%2FBhNg%3D%3D&trackingId=9eSrveepDYFikBaZniX7xg%3D%3D
Core Python Engineer,Synechron,"Weehawken, NJ",https://www.linkedin.com/jobs/view/core-python-engineer-at-synechron-4239643001?position=3&pageNum=0&refId=%2B4PgozKc1IErvmW%2BT%2FBhNg%3D%3D&trackingId=XcvJw%2B9011uhHgIVhNTMbg%3D%3D
Python Developer,Genpact,"New York, United States",https://www.linkedin.com/jobs/view/python-developer-at-genpact-4266445001?position=4&pageNum=0&refId=%2B4PgozKc1IErvmW%2BT%2FBhNg%3D%3D&trackingId=DVqX%2FGsNJlmdariK2LL8ew%3D%3D
Python Developer,Atos,"San Jose, CA",https://www.linkedin.com/jobs/view/python-developer-at-atos-4258784266?position=5&pageNum=0&refId=%2B4PgozKc1IErvmW%2BT%2FBhNg%3D%3D&trackingId=C3oKIClVULKLrJpEpUUpsg%3D%3D
"Associate Software Engineer, Backend Python",PayPal,"San Jose, CA",https://www.linkedin.com/jobs/view/associate-software-engineer-backend-python-at-paypal-4210753612?position=6&pageNum=0&refId=%2B4PgozKc1IErvmW%2BT%2FBhNg%3D%3D&trackingId=Q%2Flt%2FZ3ENl%2BryYo1fKol%2Bw%3D%3D
Python Engineer,Publicis Sapient,"New York, United States",https://www.linkedin.com/jobs/view/python-engineer-at-publicis-sapient-4260764615?position=7&pageNum=0&refId=%2B4PgozKc1IErvmW%2BT%2FBhNg%3D%3D&trackingId=q9hEC7Vp%2FPPCJWaSVxosEQ%3D%3D
Backend Python Software Engineer,NVIDIA,"Durham, NC",https://www.linkedin.com/jobs/view/backend-python-software-engineer-at-nvidia-4265556252?position=8&pageNum=0&refId=%2B4PgozKc1IErvmW%2BT%2FBhNg%3D%3D&trackingId=fOtAjO5cyb4FRLw6qsDqgg%3D%3D
"Software Engineer, Backend Python",PayPal,"San Jose, CA",https://www.linkedin.com/jobs/view/software-engineer-backend-python-at-paypal-4210778790?position=9&pageNum=0&refId=%2B4PgozKc1IErvmW%2BT%2FBhNg%3D%3D&trackingId=im156gJWleD5jxI%2FdDe2dQ%3D%3D
PYTHON DEVELOPER – DJANGO/FLASK,SpanIdea Systems,"Milpitas, CA",https://www.linkedin.com/jobs/view/python-developer-%E2%80%93-django-flask-at-spanidea-systems-3919127797?position=10&pageNum=0&refId=%2B4PgozKc1IErvmW%2BT%2FBhNg%3D%3D&trackingId=pxByw0%2B9EGuEwH5Hsh9QyQ%3D%3D
Python Backend Developer,Everything To Gain,United States,https://www.linkedin.com/jobs/view/python-backend-developer-at-everything-to-gain-4270854596?position=11&pageNum=0&refId=%2B4PgozKc1IErvmW%2BT%2FBhNg%3D%3D&trackingId=pyiSf3GC40MOT4jstTTMJg%3D%3D
Python API Developer,Stratacent,"Charlotte, NC",https://www.linkedin.com/jobs/view/python-api-developer-at-stratacent-4255956171?position=12&pageNum=0&refId=%2B4PgozKc1IErvmW%2BT%2FBhNg%3D%3D&trackingId=kL%2BSX3zStlb7yORRYfpQXQ%3D%3D
Python Software Engineer,Cheqroom,United States,https://www.linkedin.com/jobs/view/python-software-engineer-at-cheqroom-4252716329?position=13&pageNum=0&refId=%2B4PgozKc1IErvmW%2BT%2FBhNg%3D%3D&trackingId=FRgyiJrSjmOJN%2BqgKRbWlg%3D%3D
Python Software Engineer,MORSE Corp,Greater Boston,https://www.linkedin.com/jobs/view/python-software-engineer-at-morse-corp-4208452677?position=14&pageNum=0&refId=%2B4PgozKc1IErvmW%2BT%2FBhNg%3D%3D&trackingId=%2FksEGB9p5fO06jTwqcZ7Wg%3D%3D
Python Developer,Morgan King Technology,"New York, United States",https://www.linkedin.com/jobs/view/python-developer-at-morgan-king-technology-4271193097?position=15&pageNum=0&refId=%2B4PgozKc1IErvmW%2BT%2FBhNg%3D%3D&trackingId=prWaPhdhRILMXV1fha9imQ%3D%3D
Python Developer,Veracity Software Inc,"San Jose, CA",https://www.linkedin.com/jobs/view/python-developer-at-veracity-software-inc-4263097316?position=16&pageNum=0&refId=%2B4PgozKc1IErvmW%2BT%2FBhNg%3D%3D&trackingId=gV6Kiu8KjA9YLwSPwwXUVA%3D%3D
Python Developer,Largeton Group,United States,https://www.linkedin.com/jobs/view/python-developer-at-largeton-group-4275401185?position=17&pageNum=0&refId=%2B4PgozKc1IErvmW%2BT%2FBhNg%3D%3D&trackingId=mBetbMVfisk6YwhxcYdzsA%3D%3D
Python Developer,Infosys,"Denver, CO",https://www.linkedin.com/jobs/view/python-developer-at-infosys-4257628177?position=18&pageNum=0&refId=%2B4PgozKc1IErvmW%2BT%2FBhNg%3D%3D&trackingId=CxH7z6n0LgoP5ahqybdgxg%3D%3D
Python Developer,Capgemini Engineering,"Denver, CO",https://www.linkedin.com/jobs/view/python-developer-at-capgemini-engineering-4267974175?position=19&pageNum=0&refId=%2B4PgozKc1IErvmW%2BT%2FBhNg%3D%3D&trackingId=4dB9pe8%2FAQ2L%2BKB39QSK6Q%3D%3D
Python Full Stack Developer - No Sql - Web application,Cognizant,"San Jose, CA",https://www.linkedin.com/jobs/view/python-full-stack-developer-no-sql-web-application-at-cognizant-4270738709?position=20&pageNum=0&refId=%2B4PgozKc1IErvmW%2BT%2FBhNg%3D%3D&trackingId=OuikTfikIkhHgeqjO5xrMg%3D%3D
Python Developer,Saransh Inc,"Jersey City, NJ",https://www.linkedin.com/jobs/view/python-developer-at-saransh-inc-4233297244?position=21&pageNum=0&refId=%2B4PgozKc1IErvmW%2BT%2FBhNg%3D%3D&trackingId=DcSyJ7YeD9CCfn50zaVC1Q%3D%3D
Python Developer,Digital Alpha Platforms,"New York, NY",https://www.linkedin.com/jobs/view/python-developer-at-digital-alpha-platforms-4270673703?position=22&pageNum=0&refId=%2B4PgozKc1IErvmW%2BT%2FBhNg%3D%3D&trackingId=iw5LO5rdWOCwH6fKQFG8BA%3D%3D
Python Developer,"The Dignify Solutions, LLC","New York, NY",https://www.linkedin.com/jobs/view/python-developer-at-the-dignify-solutions-llc-4261609599?position=23&pageNum=0&refId=%2B4PgozKc1IErvmW%2BT%2FBhNg%3D%3D&trackingId=ZrjBUxYsmXL3gEMiHCl8%2FA%3D%3D
Python API Developer,Stratacent,"Charlotte, NC",https://www.linkedin.com/jobs/view/python-api-developer-at-stratacent-4271317690?position=24&pageNum=0&refId=%2B4PgozKc1IErvmW%2BT%2FBhNg%3D%3D&trackingId=jy1ftzvwHGr89BmsWQco2Q%3D%3D
Python Developer,Snowrelic Inc,"Washington, DC",https://www.linkedin.com/jobs/view/python-developer-at-snowrelic-inc-4244598727?position=25&pageNum=0&refId=%2B4PgozKc1IErvmW%2BT%2FBhNg%3D%3D&trackingId=hLbe%2BF7SxoLGq1Ln1dPnQA%3D%3D
Full-Stack Engineer Intern,Harmony,"San Francisco, CA",https://www.linkedin.com/jobs/view/full-stack-engineer-intern-at-harmony-4253794938?position=26&pageNum=0&refId=%2B4PgozKc1IErvmW%2BT%2FBhNg%3D%3D&trackingId=bM2SATVSSRW84Vo4WYEl0w%3D%3D
Python Developer,"The Dignify Solutions, LLC","New York, NY",https://www.linkedin.com/jobs/view/python-developer-at-the-dignify-solutions-llc-4268069316?position=27&pageNum=0&refId=%2B4PgozKc1IErvmW%2BT%2FBhNg%3D%3D&trackingId=m8QbOM0vYFFiTGg5wfaDMQ%3D%3D
Python Developer,Snowrelic Inc,"Houston, TX",https://www.linkedin.com/jobs/view/python-developer-at-snowrelic-inc-4244594706?position=28&pageNum=0&refId=%2B4PgozKc1IErvmW%2BT%2FBhNg%3D%3D&trackingId=tkNeUk9e%2FF32%2BSuxrjDaPQ%3D%3D
Python Developer,SynMax,"Houston, TX",https://www.linkedin.com/jobs/view/python-developer-at-synmax-4263469899?position=29&pageNum=0&refId=%2B4PgozKc1IErvmW%2BT%2FBhNg%3D%3D&trackingId=eC7aWh2w6pNNuZqTpBiBqA%3D%3D
Python Developer,Snowrelic Inc,"Charlotte, NC",https://www.linkedin.com/jobs/view/python-developer-at-snowrelic-inc-4258543847?position=30&pageNum=0&refId=%2B4PgozKc1IErvmW%2BT%2FBhNg%3D%3D&trackingId=qbsGlqnc%2FJjXf%2BEBWBT3hQ%3D%3D
Python Developer,Open Systems Technologies,"New York, NY",https://www.linkedin.com/jobs/view/python-developer-at-open-systems-technologies-3952275643?position=31&pageNum=0&refId=%2B4PgozKc1IErvmW%2BT%2FBhNg%3D%3D&trackingId=sboYXhEUKhNvf1%2Bddr3DqQ%3D%3D
Python Developer,Ascendion,"Virginia, United States",https://www.linkedin.com/jobs/view/python-developer-at-ascendion-4268468966?position=32&pageNum=0&refId=%2B4PgozKc1IErvmW%2BT%2FBhNg%3D%3D&trackingId=G6FBoTYdSc1boiLtOQMmrQ%3D%3D
Software Engineer - Python - Cloud - graduate level,Canonical,"Chicago, IL",https://www.linkedin.com/jobs/view/software-engineer-python-cloud-graduate-level-at-canonical-3952233484?position=33&pageNum=0&refId=%2B4PgozKc1IErvmW%2BT%2FBhNg%3D%3D&trackingId=K70LhukIDvNNsYlu%2BtxutQ%3D%3D
Python Developer,Allata,"Dallas, TX",https://www.linkedin.com/jobs/view/python-developer-at-allata-4240417356?position=34&pageNum=0&refId=%2B4PgozKc1IErvmW%2BT%2FBhNg%3D%3D&trackingId=iuRwTM3ocMWFrdjyIb%2BX7g%3D%3D
Python Developer,"The Dignify Solutions, LLC","New York, NY",https://www.linkedin.com/jobs/view/python-developer-at-the-dignify-solutions-llc-4270121214?position=35&pageNum=0&refId=%2B4PgozKc1IErvmW%2BT%2FBhNg%3D%3D&trackingId=gPyZJbcS56J4D3eFSNan2w%3D%3D
Python Developer,Hoplite Solutions LLC,"Chantilly, VA",https://www.linkedin.com/jobs/view/python-developer-at-hoplite-solutions-llc-4275791028?position=36&pageNum=0&refId=%2B4PgozKc1IErvmW%2BT%2FBhNg%3D%3D&trackingId=Wqg7o0DpNwaPFriLMkWOSQ%3D%3D
"Software Engineer, Python - AI Training (Freelance, Remote)",Alignerr,"San Francisco, CA",https://www.linkedin.com/jobs/view/software-engineer-python-ai-training-freelance-remote-at-alignerr-4210798841?position=37&pageNum=0&refId=%2B4PgozKc1IErvmW%2BT%2FBhNg%3D%3D&trackingId=1CoEY5IfpEE3dTQICfuaGA%3D%3D
Junior Python Software Engineer - Data,Tort Experts,"Maryland, United States",https://www.linkedin.com/jobs/view/junior-python-software-engineer-data-at-tort-experts-4258517458?position=38&pageNum=0&refId=%2B4PgozKc1IErvmW%2BT%2FBhNg%3D%3D&trackingId=y2KsWwLk8%2FEI5YoUi7Wnhw%3D%3D
Junior Software Engineer (Python),Synergy ECP,"Annapolis Junction, MD",https://www.linkedin.com/jobs/view/junior-software-engineer-python-at-synergy-ecp-4250717400?position=39&pageNum=0&refId=%2B4PgozKc1IErvmW%2BT%2FBhNg%3D%3D&trackingId=UfHCuAz%2BL39SbO%2FTI4Crew%3D%3D
Python Developer,Synchro,United States,https://www.linkedin.com/jobs/view/python-developer-at-synchro-4261187438?position=40&pageNum=0&refId=%2B4PgozKc1IErvmW%2BT%2FBhNg%3D%3D&trackingId=UgQUUa5qH16tYzRe0biXMA%3D%3D
Python Full Stack Developer - No Sql - Web application,Cognizant,"San Jose, CA",https://www.linkedin.com/jobs/view/python-full-stack-developer-no-sql-web-application-at-cognizant-4270738708?position=41&pageNum=0&refId=%2B4PgozKc1IErvmW%2BT%2FBhNg%3D%3D&trackingId=98uB2QbHWNtH0xnN5ITg%2Fw%3D%3D
Python Developer,Veracity Software Inc,"New York, NY",https://www.linkedin.com/jobs/view/python-developer-at-veracity-software-inc-4227538204?position=42&pageNum=0&refId=%2B4PgozKc1IErvmW%2BT%2FBhNg%3D%3D&trackingId=gGAntwzwZbGsf%2F4wIA08Uw%3D%3D
Python Developer - Financial Applications,Verifacto Inc.,"Atlanta, GA",https://www.linkedin.com/jobs/view/python-developer-financial-applications-at-verifacto-inc-4258856583?position=43&pageNum=0&refId=%2B4PgozKc1IErvmW%2BT%2FBhNg%3D%3D&trackingId=2HudXjY9GQO995M2ipM3rw%3D%3D
Python Developer,Synechron,"Charlotte, NC",https://www.linkedin.com/jobs/view/python-developer-at-synechron-4153234150?position=44&pageNum=0&refId=%2B4PgozKc1IErvmW%2BT%2FBhNg%3D%3D&trackingId=97oPv59rtdyj41MADK6RJQ%3D%3D
Python Developer,Synechron,"New York, United States",https://www.linkedin.com/jobs/view/python-developer-at-synechron-4212086356?position=45&pageNum=0&refId=%2B4PgozKc1IErvmW%2BT%2FBhNg%3D%3D&trackingId=MDVtJrS4Arz3bA4VxaAl4w%3D%3D
Software Engineer/Python (Remote),Progressive Leasing,"Arizona, United States",https://www.linkedin.com/jobs/view/software-engineer-python-remote-at-progressive-leasing-4267402789?position=46&pageNum=0&refId=%2B4PgozKc1IErvmW%2BT%2FBhNg%3D%3D&trackingId=Qzl6PkoIQgXarS16eJ7HcA%3D%3D
Python Developer,Tata Consultancy Services,"Austin, TX",https://www.linkedin.com/jobs/view/python-developer-at-tata-consultancy-services-4269751231?position=47&pageNum=0&refId=%2B4PgozKc1IErvmW%2BT%2FBhNg%3D%3D&trackingId=CeRUSJtX63FVl1Z3X2%2BbgA%3D%3D
Python Developer,Tactibit Technologies,"Suitland, MD",https://www.linkedin.com/jobs/view/python-developer-at-tactibit-technologies-4121519145?position=48&pageNum=0&refId=%2B4PgozKc1IErvmW%2BT%2FBhNg%3D%3D&trackingId=y%2B2mAbBFvnh5LRhMmpxYpA%3D%3D
Python Developer - Remote,"The Dignify Solutions, LLC","Houston, TX",https://www.linkedin.com/jobs/view/python-developer-remote-at-the-dignify-solutions-llc-4268067424?position=49&pageNum=0&refId=%2B4PgozKc1IErvmW%2BT%2FBhNg%3D%3D&trackingId=NomSGLN8CFW3Ziw8BuljEw%3D%3D
Python/SQL Developer,Prellis Biologics,"Berkeley, CA",https://www.linkedin.com/jobs/view/python-sql-developer-at-prellis-biologics-4268431105?position=50&pageNum=0&refId=%2B4PgozKc1IErvmW%2BT%2FBhNg%3D%3D&trackingId=c5TbM31z4FLcnoWifi8srg%3D%3D
Python Developer,"Pyramid Consulting, Inc","Charlotte, NC",https://www.linkedin.com/jobs/view/python-developer-at-pyramid-consulting-inc-4260432742?position=51&pageNum=0&refId=%2B4PgozKc1IErvmW%2BT%2FBhNg%3D%3D&trackingId=9P8b42stMBse4mJJ%2FSy8wg%3D%3D
Python Developer,Signature IT World Inc,"Sunnyvale, CA",https://www.linkedin.com/jobs/view/python-developer-at-signature-it-world-inc-4259873130?position=52&pageNum=0&refId=%2B4PgozKc1IErvmW%2BT%2FBhNg%3D%3D&trackingId=NaKFdfcF2OC7HfyiP26PKQ%3D%3D
Python Developer [Job ID 20250725],Phoenix Cyber,"Phoenix, AZ",https://www.linkedin.com/jobs/view/python-developer-job-id-20250725-at-phoenix-cyber-4270315084?position=53&pageNum=0&refId=%2B4PgozKc1IErvmW%2BT%2FBhNg%3D%3D&trackingId=zymiC0eBnJfo%2F8WO7Va6nw%3D%3D
Python Developer,Macquarie Group,"New York, United States",https://www.linkedin.com/jobs/view/python-developer-at-macquarie-group-4268346708?position=54&pageNum=0&refId=%2B4PgozKc1IErvmW%2BT%2FBhNg%3D%3D&trackingId=MhGGpuQIJoCaGUBBLUtGqw%3D%3D
Python Developer [Job ID 20250725],Phoenix Cyber,"Atlanta, GA",https://www.linkedin.com/jobs/view/python-developer-job-id-20250725-at-phoenix-cyber-4270308466?position=55&pageNum=0&refId=%2B4PgozKc1IErvmW%2BT%2FBhNg%3D%3D&trackingId=D29TLfOL%2F10vXhw%2FZO3bMA%3D%3D
"Software Development Intern (Python- Backend developer, LLM Integration)",Zenius Corporation,United States,https://www.linkedin.com/jobs/view/software-development-intern-python-backend-developer-llm-integration-%C2%A0%C2%A0-at-zenius-corporation-4260277124?position=56&pageNum=0&refId=%2B4PgozKc1IErvmW%2BT%2FBhNg%3D%3D&trackingId=J1vcpGSKIDh4Y7h9Wil3Jw%3D%3D
Python Developer III,Largeton Group,"Washington, DC",https://www.linkedin.com/jobs/view/python-developer-iii-at-largeton-group-4271619915?position=57&pageNum=0&refId=%2B4PgozKc1IErvmW%2BT%2FBhNg%3D%3D&trackingId=DZiq%2F3ZEZWC%2BsfF5qrRkMQ%3D%3D
Python Software Engineer (Backend),"CPS, Inc.","Chicago, IL",https://www.linkedin.com/jobs/view/python-software-engineer-backend-at-cps-inc-4115199949?position=58&pageNum=0&refId=%2B4PgozKc1IErvmW%2BT%2FBhNg%3D%3D&trackingId=mAzJB%2B7Qs7hW9hWLI6nVQg%3D%3D
Python Developer [Job ID 20250725],Phoenix Cyber,"Phoenix, AZ",https://www.linkedin.com/jobs/view/python-developer-job-id-20250725-at-phoenix-cyber-4270314122?position=59&pageNum=0&refId=%2B4PgozKc1IErvmW%2BT%2FBhNg%3D%3D&trackingId=VVdP3NfHH1kLpjPgjUq1NQ%3D%3D
Python Developer,Torchlight®,United States,https://www.linkedin.com/jobs/view/python-developer-at-torchlight%C2%AE-4268675330?position=60&pageNum=0&refId=%2B4PgozKc1IErvmW%2BT%2FBhNg%3D%3D&trackingId=QcJIwNU%2BJM1icoQxC0R5fw%3D%3D
